Protein,Peptide
sp|P01024|CO3_HUMAN,IPIEDGSGEVVLSR
sp|P01024|CO3_HUMAN,SSLSVPYVIVPLK
sp|P01024|CO3_HUMAN,VLLDGVQNPR
sp|P01024|CO3_HUMAN,TGLQEVEVK
sp|P01024|CO3_HUMAN,DFDFVPPVVR
sp|P01024|CO3_HUMAN,TIYTPGSTVLYR
sp|P02768|ALBU_HUMAN,YIC[CAM]ENQDSISSK
sp|P02768|ALBU_HUMAN,QNC[CAM]ELFEQLGEYK
sp|P02768|ALBU_HUMAN,LVNEVTEFAK
sp|P02768|ALBU_HUMAN,VPQVSTPTLVEVSR
sp|P02768|ALBU_HUMAN,AVMDDFAAFVEK
sp|P02768|ALBU_HUMAN,FYAPELLFFAK
sp|P98160|PGBM_HUMAN,LEGDTLIIPR
sp|P98160|PGBM_HUMAN,LSGSHSQGVAYPVR
sp|P98160|PGBM_HUMAN,IAHVELADAGQYR
sp|P98160|PGBM_HUMAN,IPGDQVVSVVFIK
sp|P98160|PGBM_HUMAN,SAEPLALGR
sp|P00450|CERU_HUMAN,GAYPLSIEPIGVR
sp|P00450|CERU_HUMAN,EVGPTNADPVC[CAM]LAK
sp|P00450|CERU_HUMAN,VNKDDEEFIESNK
sp|P00450|CERU_HUMAN,DIFTGLIGPMK
sp|P00450|CERU_HUMAN,QSEDSTFYLGER
sp|P00450|CERU_HUMAN,DIASGLIGPLIIC[CAM]K
sp|P0C0L4|CO4A_HUMAN,PVAFSVVPTAAAAVSLK
sp|P0C0L4|CO4A_HUMAN,DSSTWLTAFVLK
sp|P02787|TRFE_HUMAN,FDEFFSEGC[CAM]APGSK
sp|P02787|TRFE_HUMAN,DYELLC[CAM]LDGTR
sp|P02787|TRFE_HUMAN,EDPQTFYYAVAVVK
sp|P02787|TRFE_HUMAN,SVIPSDGPSVAC[CAM]VK
sp|P02787|TRFE_HUMAN,MYLGYEYVTAIR
sp|P02787|TRFE_HUMAN,WC[CAM]AVSEHEATK
sp|P02790|HEMO_HUMAN,NFPSPVDAAFR
sp|P02790|HEMO_HUMAN,EWFWDLATGTMK
sp|P02790|HEMO_HUMAN,GGYTLVSGYPK
sp|P02790|HEMO_HUMAN,SGAQATWTELPWPHEK
sp|P02790|HEMO_HUMAN,YYC[CAM]FQGNQFLR
sp|P02790|HEMO_HUMAN,[PGQ]-QGHNSVFLIK
sp|P01857|IGHG1_HUMAN,GPSVFPLAPSSK
sp|P01857|IGHG1_HUMAN,THTC[CAM]PPC[CAM]PAPELLGGPSVFLFPPKPK
sp|P01857|IGHG1_HUMAN,THTC[CAM]PP[Oxi]C[CAM]PAPELLGGPSVFLFPPKPK
sp|P01857|IGHG1_HUMAN,THTC[CAM]PPC[CAM]PAP[Oxi]ELLGGPSVFLFPPKPK
sp|P01857|IGHG1_HUMAN,THTC[CAM]PPC[CAM]PAPELLGGP[Oxi]SVFLFPPKPK
sp|Q14624|ITIH4_HUMAN,ETLFSVMPGLK
sp|Q14624|ITIH4_HUMAN,LGVYELLLK
sp|Q14624|ITIH4_HUMAN,GPDVLTATVSGK
sp|Q14624|ITIH4_HUMAN,ANTVQEATFQMELPK
sp|Q14624|ITIH4_HUMAN,NPLVWVHASPEHVVVTR
sp|Q14624|ITIH4_HUMAN,QLGLPGPPDVPDHAAYHPFR
sp|P01019|ANGT_HUMAN,DPTFIPAPIQAK
sp|P01019|ANGT_HUMAN,SLDFTELDVAAEK
sp|P01019|ANGT_HUMAN,LQAILGVPWK
sp|P01019|ANGT_HUMAN,ALYTPVVLPR
sp|P01019|ANGT_HUMAN,FMQAVTGWK
sp|P01019|ANGT_HUMAN,ALQDQLVLVAAK
sp|P01031|CO5_HUMAN,LQGTLPVEAR
sp|P01031|CO5_HUMAN,FQNSAILTIQPK
sp|P01031|CO5_HUMAN,TDAPDLPEENQAR
sp|P01031|CO5_HUMAN,IDTQDIEASHYR
sp|P01031|CO5_HUMAN,ITHYNYLILSK
sp|P01031|CO5_HUMAN,ESYSGVTLDPR
sp|P00751|CFAB_HUMAN,EELLPAQDIK
sp|P00751|CFAB_HUMAN,YGLVTYATYPK
sp|P00751|CFAB_HUMAN,STGSWSTLK
sp|P00751|CFAB_HUMAN,ALFVSEEEKK
sp|P00751|CFAB_HUMAN,VSEADSSNADWVTK
sp|P00751|CFAB_HUMAN,EKLQDEDLGFL
sp|P02774|VTDB_HUMAN,FPSGTFEQVSQLVK
sp|P02774|VTDB_HUMAN,KFPSGTFEQVSQLVK
sp|P02774|VTDB_HUMAN,LPD[1Me]ATPTELAK
sp|P02774|VTDB_HUMAN,LPDATPTELAK
sp|P02774|VTDB_HUMAN,THLPEVFLSK
sp|P00747|PLMN_HUMAN,EAQLPVIENK
sp|P00747|PLMN_HUMAN,FVTWIEGVMR
sp|P00747|PLMN_HUMAN,LSSPAVITDK
sp|P00747|PLMN_HUMAN,VILGAHQEVNLEPHVQEIEVSR
sp|P00747|PLMN_HUMAN,HSIFTPETNPR
sp|P00747|PLMN_HUMAN,EAQ[Dea]LPVIENK
sp|P19827|ITIH1_HUMAN,AAISGENAGLVR
sp|P19827|ITIH1_HUMAN,LDAQASFLPK
sp|P19827|ITIH1_HUMAN,QYYEGSEIVVAGR
sp|P19827|ITIH1_HUMAN,EVAFDLEIPK
sp|P19827|ITIH1_HUMAN,QAVDTAVDGVFIR
sp|P19827|ITIH1_HUMAN,[PGQ]-QAVDTAVDGVFIR
sp|P08603|CFAH_HUMAN,RPYFPVAVGK
sp|P08603|CFAH_HUMAN,KGEWVALNPLR
sp|P08603|CFAH_HUMAN,SSNLIILEEHLK
sp|P08603|CFAH_HUMAN,SPPEISHGVVAH
sp|P08603|CFAH_HUMAN,SIDVAC[CAM]HPGYALPK
sp|P08603|CFAH_HUMAN,TLTGGNVFEYGVK
sp|P19823|ITIH2_HUMAN,FYNQVSTPLLR
sp|P19823|ITIH2_HUMAN,IQPSGGTNINEALLR
sp|P19823|ITIH2_HUMAN,TEVNVLPGAK
sp|P19823|ITIH2_HUMAN,FLHVPDTFEGHFDGVPVISK
sp|P19823|ITIH2_HUMAN,SSALDMENFR
sp|P19823|ITIH2_HUMAN,MATTMIQSK
sp|P02751|FINC_HUMAN,AVEENQESTPVVIQQETTGTPR
sp|P02751|FINC_HUMAN,VPGTSTSATLTGLTR
sp|P02751|FINC_HUMAN,GLKPGVVYEGQLISIQQYGHQEVTR
sp|P02751|FINC_HUMAN,VDVIPVNLPGEHGQR
sp|P02751|FINC_HUMAN,DLQFVEVTDVK
sp|P02751|FINC_HUMAN,WLPSSSPVTGYR
sp|P01023|A2MG_HUMAN,VGFYESDVMGR
sp|P01023|A2MG_HUMAN,AIGYLNTGYQR
sp|P01023|A2MG_HUMAN,VTAAPQSVC[CAM]ALR
sp|P01023|A2MG_HUMAN,SVSGKPQYMVLVPSLLHTETTEK
sp|P01023|A2MG_HUMAN,TEHPFTVEEFVLPK
sp|P01023|A2MG_HUMAN,VDLSFSPSQSLPASHAHLR
sp|P01009|A1AT_HUMAN,SVLGQLGITK
sp|P01009|A1AT_HUMAN,VFSN[Dea]GADLSGVTEEAPLK
sp|P01009|A1AT_HUMAN,LSITGTYDLK
sp|P01009|A1AT_HUMAN,LSSWVLLMK
sp|P01009|A1AT_HUMAN,VFSNGADLSGVTEEAPLK
sp|P01009|A1AT_HUMAN,ITPNLAEFAF
sp|P04217|A1BG_HUMAN,LETPDFQLFK
sp|P04217|A1BG_HUMAN,ATWSGAVLAGR
sp|P04217|A1BG_HUMAN,SGLSTGWTQLSK
sp|P04217|A1BG_HUMAN,N[Dea]GVAQEPVHLDSPAIK
sp|P04217|A1BG_HUMAN,C[CAM]LAPLEGAR
sp|P04217|A1BG_HUMAN,HQFLLTGDTQGR
sp|P06396|GELS_HUMAN,AGALNSNDAFVLK
sp|P06396|GELS_HUMAN,SEDC[CAM]FILDHGK
sp|P06396|GELS_HUMAN,TASDFITK
sp|P06396|GELS_HUMAN,QTQVSVLPEGGETPLFK
sp|P06396|GELS_HUMAN,PNSMVVEHPEFLK
sp|P01008|ANT3_HUMAN,VAEGTQVLELPFK
sp|P01008|ANT3_HUMAN,EVPLNTIIFMGR
sp|P01008|ANT3_HUMAN,FATTFYQHLADSK
sp|P01008|ANT3_HUMAN,TSDQIHFFFAK
sp|P01008|ANT3_HUMAN,EQLQDMGLVDLFSPEK
sp|P01008|ANT3_HUMAN,DDLYVSDAFHK
sp|P00734|THRB_HUMAN,ELLESYIDGR
sp|P00734|THRB_HUMAN,ETAASLLQAGYK
sp|P00734|THRB_HUMAN,ETWTANVGK
sp|P00734|THRB_HUMAN,TATSEYQTFFNPR
sp|P00734|THRB_HUMAN,SGIEC[CAM]QLWR
sp|P01011|AACT_HUMAN,EIGELYLPK
sp|P01011|AACT_HUMAN,MEEVEAMLLPETLK
sp|P01011|AACT_HUMAN,ADLSGITGAR
sp|P01011|AACT_HUMAN,DEELSC[CAM]TVVELK
sp|P01011|AACT_HUMAN,AVLDVFEEGTEASAATAVK
sp|P01011|AACT_HUMAN,WEMPFDPQDTHQSR
sp|P01859|IGHG2_HUMAN,VVSVLTVVHQDWLNGK
sp|P01859|IGHG2_HUMAN,VVSVLTVVHQ[Dea]DWLN[Dea]GK
sp|P01859|IGHG2_HUMAN,C[CAM]C[CAM]VEC[CAM]PPC[CAM]PAPPVAGPSVFLFPPKPK
sp|P01859|IGHG2_HUMAN,VVSVLTVVHQDWLNGK[Ncl]
sp|P01859|IGHG2_HUMAN,KC[CAM]C[CAM]VEC[CAM]PPC[CAM]PAPPVAGPSVFLFPPKPK
sp|P08697|A2AP_HUMAN,WFLLEQPEIQVAHFPFK
sp|P08697|A2AP_HUMAN,LC[CAM]QDLGPGAFR
sp|P08697|A2AP_HUMAN,NQEQVSPLTLLK
sp|P08697|A2AP_HUMAN,LGNQEPGGQTALK
sp|P08697|A2AP_HUMAN,QEDDLANINQWVK
sp|P08697|A2AP_HUMAN,LQQVLHAGSGPC[CAM]LPH
sp|P01042|KNG1_HUMAN,IASFSQNC[CAM]DIYPGK
sp|P01042|KNG1_HUMAN,TVGSDTFYSFK
sp|P01042|KNG1_HUMAN,DIPTNSPELEETLTHTITK
sp|P01042|KNG1_HUMAN,YFIDFVAR
sp|P01042|KNG1_HUMAN,DFVQPPTK
sp|P01042|KNG1_HUMAN,ENFLFLTPDC[CAM]K
sp|P02765|FETUA_HUMAN,HTLNQIDEVK
sp|P02765|FETUA_HUMAN,EHAVEGDC[CAM]DFQLLK
sp|P02765|FETUA_HUMAN,VLDPTPVAR
sp|P02765|FETUA_HUMAN,MGVVSLGSPSGEVSHPR
sp|P02765|FETUA_HUMAN,HTFMGVVSLGSPSGEVSHPR
sp|P02765|FETUA_HUMAN,APHGPGLIYR
sp|P02647|APOA1_HUMAN,EQLGPVTQEFWDNLEK
sp|P02647|APOA1_HUMAN,DYVSQFEGSALGK
sp|P02647|APOA1_HUMAN,VQPYLDDFQK
sp|P02647|APOA1_HUMAN,LLDNWDSVTSTFSK
sp|P02647|APOA1_HUMAN,VSFLSALEEYTK
sp|P02647|APOA1_HUMAN,QGLLPVLESFK
sp|P04004|VTNC_HUMAN,FEDGVLDPDYPR
sp|P04004|VTNC_HUMAN,DVWGIEGPIDAAFTR
sp|P04004|VTNC_HUMAN,DWHGVPGQVDAAMAGR
sp|P04004|VTNC_HUMAN,RVDTVDPPYPR
sp|P04004|VTNC_HUMAN,GNPEQTPVLKPEEEAPAPEVGASKPEGIDSR
sp|P04004|VTNC_HUMAN,SIAQYWLGC[CAM]PAPGHL
sp|Q96PD5|PGRP2_HUMAN,TDC[CAM]PGDALFDLLR
sp|Q96PD5|PGRP2_HUMAN,DTLPSC[CAM]AVR
sp|Q96PD5|PGRP2_HUMAN,GC[CAM]PDVQASLPDAK
sp|Q96PD5|PGRP2_HUMAN,AGLLRPDYALLGHR
sp|Q96PD5|PGRP2_HUMAN,PDYALLGHR
sp|Q96PD5|PGRP2_HUMAN,GSQTQSHPDLGTEGC[CAM]WDQLSAPR
sp|P43652|AFAM_HUMAN,IAPQLSTEELVSLGEK
sp|P43652|AFAM_HUMAN,LPNNVLQEK
sp|P43652|AFAM_HUMAN,DADPDTFFAK
sp|P43652|AFAM_HUMAN,SDVGFLPPFPTLDPEEK
sp|P43652|AFAM_HUMAN,ESLLNHFLYEVAR
sp|P06727|APOA4_HUMAN,IDQNVEELK
sp|P06727|APOA4_HUMAN,LAPLAEDVR
sp|P06727|APOA4_HUMAN,ALVQQMEQLR
sp|P06727|APOA4_HUMAN,IDQTVEELR
sp|P06727|APOA4_HUMAN,TQVNTQAEQLR
sp|P06727|APOA4_HUMAN,LGEVNTYAGDLQK
sp|P04196|HRG_HUMAN,DSPVLIDFFEDTER
sp|P04196|HRG_HUMAN,ADLFYDVEALDLESPK
sp|P04196|HRG_HUMAN,VSPTDC[CAM]SAVEPEAEK
sp|P04196|HRG_HUMAN,DGYLFQLLR
sp|P04196|HRG_HUMAN,HPLKPDNQPFPQSVSESC[CAM]PGK
sp|P04196|HRG_HUMAN,SGFPQVSMFFTHTFPK
sp|P00738|HPT_HUMAN,VTSIQDWVQK
sp|P00738|HPT_HUMAN,SPVGVQPILNEHTFC[CAM]AGMSK
sp|P00738|HPT_HUMAN,VGYVSGWGR
sp|P00738|HPT_HUMAN,YVMLPVADQDQC[CAM]IR
sp|P00738|HPT_HUMAN,SPVGVQPILN[Dea]EHTFC[CAM]AGMSK
sp|P05546|HEP2_HUMAN,YEITTIHNLFR
sp|P05546|HEP2_HUMAN,QFPILLDFK
sp|P05546|HEP2_HUMAN,TLEAQLTPR
sp|P05546|HEP2_HUMAN,NYNLVESLK
sp|P05546|HEP2_HUMAN,GGETAQSADPQWEQLNNK
sp|P05546|HEP2_HUMAN,FPVEMTHNHNFR
sp|P05155|IC1_HUMAN,GVTSVSQIFHSPDLAIR
sp|P05155|IC1_HUMAN,LEDMEQALSPSVFK
sp|P05155|IC1_HUMAN,FQPTLLTLPR
sp|P05155|IC1_HUMAN,TNLESILSYPK
sp|P05155|IC1_HUMAN,LLDSLPSDTR
sp|P05155|IC1_HUMAN,VTTSQDMLSIMEK
sp|P13671|CO6_HUMAN,TFSEWLESVK
sp|P13671|CO6_HUMAN,ALNHLPLEYNSALYSR
sp|Q06033|ITIH3_HUMAN,EHLVQATPENLQEAR
sp|Q06033|ITIH3_HUMAN,TSMVVTKPEDNEDER
sp|Q06033|ITIH3_HUMAN,GHVSFKPSLDQQR
sp|Q06033|ITIH3_HUMAN,FAHNVVTMR
sp|Q06033|ITIH3_HUMAN,STSIVIMLTDGDANVGESRPEK
sp|Q06033|ITIH3_HUMAN,SLPEGVAN[Dea]GIEVYSTK
sp|P22792|CPN2_HUMAN,LSNNALSGLPQGVFGK
sp|P22792|CPN2_HUMAN,AGGSWDLAVQER
sp|P22792|CPN2_HUMAN,NAITHLPAGIFR
sp|P02749|APOH_HUMAN,AGILEN[Dea]GAVR
sp|P02749|APOH_HUMAN,ATVVYQGER
sp|P02749|APOH_HUMAN,TC[CAM]PKPDDLPFSTVVPLK
sp|P02749|APOH_HUMAN,AGILENGAVR
sp|P02749|APOH_HUMAN,EHSSLAFWK
sp|P02749|APOH_HUMAN,TGLWPINTLK
sp|P02675|FIBB_HUMAN,TPC[CAM]TVSC[CAM]NIPVVSGK
sp|P02675|FIBB_HUMAN,NYC[CAM]GLPGEYWLGNDK
sp|P02675|FIBB_HUMAN,MGPTELLIEMEDWK
sp|P02675|FIBB_HUMAN,QGFGNVATNTDGK
sp|P02675|FIBB_HUMAN,DNENVVNEYSSELEK
sp|P02675|FIBB_HUMAN,YYWGGQYTWDMAK
sp|P02671|FIBA_HUMAN,MKPVPDLVPGNFK
sp|P02671|FIBA_HUMAN,ADSGEGDFLAEGGGVR
sp|P02671|FIBA_HUMAN,GLIDEVNQDFTNR
sp|P02671|FIBA_HUMAN,VQHIQLLQK
sp|P02671|FIBA_HUMAN,ALTDMPQMR
sp|P01876|IGHA1_HUMAN,QEPSQGTTTFAVTSILR
sp|P01876|IGHA1_HUMAN,TFTC[CAM]TAAYPESK
sp|P01876|IGHA1_HUMAN,DASGVTFTWTPSSGK
sp|P01876|IGHA1_HUMAN,KGDTFSC[CAM]M[Oxi]VGHEALPLAFTQK
sp|P01876|IGHA1_HUMAN,DLC[CAM]GC[CAM]YSVSSVLPGC[CAM]AEPWNHGK
sp|P01876|IGHA1_HUMAN,[PGQ]-QEPSQGTTTFAVTSILR
sp|P35858|ALS_HUMAN,LAELPADALGPLQR
sp|P35858|ALS_HUMAN,VAGLLEDTFPGLLGLR
sp|P35858|ALS_HUMAN,TFTPQPPGLER
sp|P35858|ALS_HUMAN,LEALPNSLLAPLGR
sp|P35858|ALS_HUMAN,ANVFVQLPR
sp|P02679|FIBG_HUMAN,YEASILTHDSSIR
sp|P02679|FIBG_HUMAN,QSGLYFIKPLK
sp|P02679|FIBG_HUMAN,IHLISTQSAIPYALR
sp|P02679|FIBG_HUMAN,LDGSVDFK
sp|P02679|FIBG_HUMAN,TSTADYAMFK
sp|P02679|FIBG_HUMAN,YLQEIYNSNNQK
sp|P00748|FA12_HUMAN,LHEAFSPVSYQHDLALLR
sp|P00748|FA12_HUMAN,PAPEDLTVVLGQER
sp|P00748|FA12_HUMAN,TEQAAVAR
sp|P00748|FA12_HUMAN,LHEAFSPVSYQ[Dea]HDLALLR
sp|P00748|FA12_HUMAN,TTLSGAPC[CAM]QPWASEATYR
sp|P03952|KLKB1_HUMAN,VSEGNHDIALIK
sp|P03952|KLKB1_HUMAN,VAEYMDWILEK
sp|P03952|KLKB1_HUMAN,LAFSDVDVAR
sp|P03952|KLKB1_HUMAN,GEIQNILQK
sp|P03952|KLKB1_HUMAN,EIIIHQNYK
sp|P20742|PZP_HUMAN,SLFTDLVAEK
sp|P20742|PZP_HUMAN,ISEITNIVSK
sp|P20742|PZP_HUMAN,TLLVEAEGIEQEK
sp|P20742|PZP_HUMAN,TEPQYMVLVPSLLHTEAPK
sp|P20742|PZP_HUMAN,AVGYLITGYQR
sp|P20742|PZP_HUMAN,GSFALSFPVESDVAPIAR
Biognosys|iRT-Kit_WR_fusion,GTFIIDPGGVIR
Biognosys|iRT-Kit_WR_fusion,LFLQFGAQGSPFLK
Biognosys|iRT-Kit_WR_fusion,TPVITGAPYEYR
Biognosys|iRT-Kit_WR_fusion,GTFIIDPAAVIR
Biognosys|iRT-Kit_WR_fusion,LGGNEQVTR
Biognosys|iRT-Kit_WR_fusion,GAGSSEPVTGLDAK
sp|P02748|CO9_HUMAN,LSPIYNLVPVK
sp|P02748|CO9_HUMAN,VVEESELAR
sp|P02748|CO9_HUMAN,AIEDYINEFSVR
sp|P02748|CO9_HUMAN,TEHYEEQIEAFK
sp|P02748|CO9_HUMAN,LSPIYN[Dea]LVPVK
sp|P02748|CO9_HUMAN,RPWNVASLIYETK
sp|P10909|CLUS_HUMAN,TLLSNLEEAK
sp|P10909|CLUS_HUMAN,EPQDTYHYLPF
sp|P10909|CLUS_HUMAN,IDSLLENDR
sp|P10909|CLUS_HUMAN,ASSIIDELFQDR
sp|P10909|CLUS_HUMAN,ELDESLQVAER
sp|P10909|CLUS_HUMAN,LFDSDPITVTVPVEVSR
sp|P06681|CO2_HUMAN,C[CAM]PAPVSFEN[Dea]GIYTPR
sp|P06681|CO2_HUMAN,AVISPGFDVFAK
sp|P06681|CO2_HUMAN,VLMSVLNDNSR
sp|P06681|CO2_HUMAN,HAIILLTDGK
sp|P01834|IGKC_HUMAN,SGTASVVC[CAM]LLNNFYPR
sp|P01834|IGKC_HUMAN,SGTASVVC[CAM]LLN[Dea]NFYPR
sp|P01834|IGKC_HUMAN,VYAC[CAM]EVTHQGLSSPVTK
sp|P01834|IGKC_HUMAN,VYAC[CAM]EVTHQ[Dea]GLSSPVTK
sp|P01834|IGKC_HUMAN,TVAAPSVFIFPPSDEQLK
sp|P01834|IGKC_HUMAN,DSTYSLSSTLTLSK
sp|P29622|KAIN_HUMAN,LFHTNFYDTVGTIQLINDHVK
sp|P29622|KAIN_HUMAN,WADLSGITK
sp|P29622|KAIN_HUMAN,FYYLIASETPGK
sp|P29622|KAIN_HUMAN,LGFTDLFSK
sp|P29622|KAIN_HUMAN,IAPANADFAFR
sp|P10643|CO7_HUMAN,YSAWAESVTNLPQVIK
sp|P10643|CO7_HUMAN,ELSHLPSLYDYSAYR
sp|P10643|CO7_HUMAN,DGFVQDEGTMFPVGK
sp|P10643|CO7_HUMAN,AASGTQNNVLR
sp|P10643|CO7_HUMAN,LIDQYGTHYLQSGSLGGEYR
sp|P10643|CO7_HUMAN,GQSISVTSIRPC[CAM]
sp|P36955|PEDF_HUMAN,TVQAVLTVPK
sp|P36955|PEDF_HUMAN,TSLEDFYLDEER
sp|P36955|PEDF_HUMAN,LQSLFDSPDFSK
sp|P36955|PEDF_HUMAN,LAAAVSNFGYDLYR
sp|P36955|PEDF_HUMAN,ELLDTVTAPQK
sp|P36955|PEDF_HUMAN,DTDTGALLFIGK
sp|P07358|CO8B_HUMAN,SDLEVAHYK
sp|P07358|CO8B_HUMAN,LPLEYSYGEYR
sp|P07358|CO8B_HUMAN,SLMLHYEFLQR
sp|P07358|CO8B_HUMAN,IPGIFELGISSQSDR
sp|P07358|CO8B_HUMAN,SGFSFGFK
sp|P07358|CO8B_HUMAN,DTMVEDLVVLVR
sp|P07093|GDN_HUMAN,FTAVAQTDLK
sp|P07093|GDN_HUMAN,VLGITDMFDSSK
sp|P07093|GDN_HUMAN,DIVTVANAVFVK
sp|P07093|GDN_HUMAN,SENLHVSHILQK
sp|Q14520|HABP2_HUMAN,DEIPHNDIALLK
sp|Q14520|HABP2_HUMAN,VVLGDQDLK
sp|Q14520|HABP2_HUMAN,FLNWIK
sp|Q14520|HABP2_HUMAN,LIANTLC[CAM]NSR
sp|P05156|CFAI_HUMAN,AQLGDLPWQVAIK
sp|P05156|CFAI_HUMAN,VFSLQWGEVK
sp|P05156|CFAI_HUMAN,VANYFDWISYHVGR
sp|P05156|CFAI_HUMAN,HGNTDSEGIVEVK
sp|P05156|CFAI_HUMAN,VTYTSQEDLVEK
sp|P05156|CFAI_HUMAN,GLETSLAEC[CAM]TFTK
sp|P02760|AMBP_HUMAN,AFIQLWAFDAVK
sp|P02760|AMBP_HUMAN,TVAAC[CAM]NLPIVR
sp|P02760|AMBP_HUMAN,EYC[CAM]GVPGDGDEELLR
sp|P02760|AMBP_HUMAN,GEC[CAM]VPGEQEPEPILIPR
sp|P02760|AMBP_HUMAN,VVAQGVGIPEDSIFTMADR
sp|P02760|AMBP_HUMAN,GVC[CAM]EETSGAYEK
sp|P02652|APOA2_HUMAN,EQLTPLIK
sp|P02652|APOA2_HUMAN,SKEQLTPLIK
sp|P02652|APOA2_HUMAN,EPC[CAM]VESLVSQYFQTVTDYGK
sp|P02652|APOA2_HUMAN,VKSPELQAEAK
sp|P02652|APOA2_HUMAN,SPELQAEAK
sp|P08185|CBG_HUMAN,GTWTQPFDLASTR
sp|P08185|CBG_HUMAN,MNTVIAALSR
sp|P08185|CBG_HUMAN,WSAGLTSSQVDLYIPK
sp|P08185|CBG_HUMAN,EENFYVDETTVVK
sp|P08185|CBG_HUMAN,SETEIHQGFQHLHQLFAK
sp|P08185|CBG_HUMAN,M[Oxi]NTVIAALSR
sp|P35527|K1C9_HUMAN,QEYEQLIAK
sp|P35527|K1C9_HUMAN,TLLDIDNTR
sp|P35527|K1C9_HUMAN,VQALEEANNDLENK
sp|P35527|K1C9_HUMAN,SGGGGGGGLGSGGSIR
sp|P35527|K1C9_HUMAN,EIETYHNLLEGGQEDFESSGAGK
sp|P35527|K1C9_HUMAN,QVLDNLTMEK
sp|P25311|ZA2G_HUMAN,AGEVQEPELR
sp|P25311|ZA2G_HUMAN,AYLEEEC[CAM]PATLR
sp|P25311|ZA2G_HUMAN,EIPAWVPFDPAAQITK
sp|P25311|ZA2G_HUMAN,WEAEPVYVQR
sp|P25311|ZA2G_HUMAN,EDIFMETLK
sp|P25311|ZA2G_HUMAN,YSLTYIYTGLSK
sp|P13645|K1C10_HUMAN,QSLEASLAETEGR
sp|P13645|K1C10_HUMAN,VLDELTLTK
sp|P13645|K1C10_HUMAN,ALEESNYELEGK
sp|P13645|K1C10_HUMAN,SLLEGEGSSGGGGR
sp|P13645|K1C10_HUMAN,SQYEQLAEQNR
sp|P35908|K22E_HUMAN,SLVGLGGTK
sp|P35908|K22E_HUMAN,VDLLNQEIEFLK
sp|P35908|K22E_HUMAN,NVQDAIADAEQR
sp|P35908|K22E_HUMAN,TAAENDFVTLK
sp|P35908|K22E_HUMAN,VDPEIQNVK
sp|P35908|K22E_HUMAN,GFSSGSAVVSGGSR
sp|P07357|CO8A_HUMAN,MESLGITSR
sp|P07357|CO8A_HUMAN,HTSLGPLEAK
sp|P07357|CO8A_HUMAN,LYYGDDEK
sp|P07357|CO8A_HUMAN,INVGGGLSGDHC[CAM]K
sp|P07357|CO8A_HUMAN,LGSLGAAC[CAM]EQTQTEGAK
sp|P07357|CO8A_HUMAN,YNPVVIDFEMQPIHEVLR
sp|P02763|A1AG1_HUMAN,EQLGEFYEALDC[CAM]LR
sp|P02763|A1AG1_HUMAN,SDVVYTDWK
sp|P02763|A1AG1_HUMAN,NWGLSVYADKPETTK
sp|P02763|A1AG1_HUMAN,TYMLAFDVNDEK
sp|P02763|A1AG1_HUMAN,YVGGQEHFAHLLILR
sp|P26927|HGFL_HUMAN,SPLNDFQVLR
sp|P26927|HGFL_HUMAN,VSVFVDWIHK
sp|P26927|HGFL_HUMAN,WDAQIPHQHR
sp|P12111|CO6A3_HUMAN,IAVAQYSDDVK
sp|P12111|CO6A3_HUMAN,IIDELNVKPEGTR
sp|P09871|C1S_HUMAN,MLTPEHVFIHPGWK
sp|P09871|C1S_HUMAN,IIGGSDADIK
sp|P09871|C1S_HUMAN,GDSGGAFAVQDPNDK
sp|P04264|K2C1_HUMAN,SLNNQFASFIDK
sp|P04264|K2C1_HUMAN,LNDLEDALQQAK
sp|P04264|K2C1_HUMAN,TLLEGEESR
sp|P04264|K2C1_HUMAN,QISNLQQSISDAEQR
sp|P04264|K2C1_HUMAN,YEELQITAGR
sp|P04264|K2C1_HUMAN,TNAENEFVTIK
sp|P05543|THBG_HUMAN,NALALFVLPK
sp|P05543|THBG_HUMAN,FSISATYDLGATLLK
sp|P05543|THBG_HUMAN,[PGQ]-QEINSHVEMQTK
sp|P01860|IGHG3_HUMAN,TPLGDTTHTC[CAM]PR
sp|P01860|IGHG3_HUMAN,WQQGNIFSC[CAM]SVMHEALHNR
sp|P01860|IGHG3_HUMAN,SC[CAM]DTPPPC[CAM]PR
sp|P01860|IGHG3_HUMAN,TC[CAM]VVVDVSHEDPEVQFK
sp|P01860|IGHG3_HUMAN,[CRM]-PPC[CAM]P[Oxi]RC[CAM]PAPELLGGPSVFLFPPKPK
sp|O75882|ATRN_HUMAN,NHNALLASLTTQK
sp|O75882|ATRN_HUMAN,LTGSSGFVTDGPGNYK
sp|O75882|ATRN_HUMAN,YDVDTQMWTILK
sp|O75882|ATRN_HUMAN,AAAAAAVSGSAAAEAK
sp|P02750|A2GL_HUMAN,DLLLPQPDLR
sp|P02750|A2GL_HUMAN,VAAGAFQGLR
sp|P02750|A2GL_HUMAN,ALGHLDLSGNR
sp|P02750|A2GL_HUMAN,ENQLEVLEVSWLHGLK
sp|P02750|A2GL_HUMAN,NALTGLPPGLFQASATLDTLVLK
sp|P02750|A2GL_HUMAN,TLDLGENQLETLPPDLLR
sp|P00736|C1R_HUMAN,LFGEVTSPLFPK
sp|P00736|C1R_HUMAN,TLDEFTIIQNLQPQYQFR
sp|P80108|PHLD_HUMAN,TLLLVGSPTWK
sp|P80108|PHLD_HUMAN,FGSSLITVR
sp|P80108|PHLD_HUMAN,IADVTSGLIGGEDGR
sp|P80108|PHLD_HUMAN,NQVVIAAGR
sp|P80108|PHLD_HUMAN,ILEGFQPSGR
sp|P04278|SHBG_HUMAN,QVSGPLTSK
sp|P04278|SHBG_HUMAN,LPLVPALDGC[CAM]LR
sp|P04278|SHBG_HUMAN,DIPQPHAEPWAF
sp|P04278|SHBG_HUMAN,QAEISASAPTSLR
sp|P68871|HBB_HUMAN,VNVDEVGGEALGR
sp|P68871|HBB_HUMAN,GTFATLSELHC[CAM]DK
sp|P68871|HBB_HUMAN,SAVTALWGK
sp|P68871|HBB_HUMAN,FFESFGDLSTPDAVMGNPK
sp|P68871|HBB_HUMAN,FFESFGDLSTPDAVM[Oxi]GNPK
sp|P68871|HBB_HUMAN,FATLSELHC[CAM]DK
sp|Q16610|ECM1_HUMAN,EVGPPLPQEAVPLQK
sp|Q16610|ECM1_HUMAN,NLPATDPLQR
sp|Q16610|ECM1_HUMAN,LVWEEAMSR
sp|Q16610|ECM1_HUMAN,LLPAQLPAEK
sp|P02766|TTHY_HUMAN,AADDTWEPFASGK
sp|P02766|TTHY_HUMAN,ALGISPFHEHAEVVFTANDSGPR
sp|P02766|TTHY_HUMAN,TSESGELHGLTTEEEFVEGIYK
sp|P02766|TTHY_HUMAN,GSPAINVAVHVFR
sp|P02766|TTHY_HUMAN,YTIAALLSPYSYSTTAVVTNPK
sp|P02766|TTHY_HUMAN,YTIAALLSPY
sp|Q96KN2|CNDP1_HUMAN,TVFGTEPDMIR
sp|Q96KN2|CNDP1_HUMAN,SVVLIPLGAVDDGEHSQNEK
sp|Q96KN2|CNDP1_HUMAN,MMAVAADTLQR
sp|Q96KN2|CNDP1_HUMAN,GDGWLTDPYVLTEVDGK
sp|P02753|RET4_HUMAN,YWGVASFLQK
sp|P02753|RET4_HUMAN,FSGTWYAMAK
sp|P02753|RET4_HUMAN,LIVHN[Dea]GYC[CAM]DGR
sp|P02753|RET4_HUMAN,DPNGLPPEAQK
sp|P02753|RET4_HUMAN,QRQEELC[CAM]LAR
sp|P22105|TENX_HUMAN,LSQLSVTDVTTSSLR
sp|P22105|TENX_HUMAN,YEVTVVSVR
sp|P03951|FA11_HUMAN,MAESGYDIALLK
sp|P03951|FA11_HUMAN,TAAISGYSFK
sp|P03951|FA11_HUMAN,GEWPWQVTLH
sp|B9A064|IGLL5_HUMAN,AGVETTKPSK
sp|B9A064|IGLL5_HUMAN,VT[1Me]VLGQPKANPTVTLFPPSSEELQANK
sp|B9A064|IGLL5_HUMAN,VTVLGQPK[CAM]ANPTVTLFPPSSEELQANK
sp|B9A064|IGLL5_HUMAN,ANPTVTLFPPSSEE[KXX]LQANK
sp|P51884|LUM_HUMAN,ISNIPDEYFK
sp|P51884|LUM_HUMAN,SLEYLDLSFNQIAR
sp|P51884|LUM_HUMAN,LPSGLPVSLLTLYLDNNK
sp|P51884|LUM_HUMAN,ISETSLPPDMYEC[CAM]LR
sp|Q9UGM5|FETUB_HUMAN,GSVQYLPDLDDK
sp|Q9UGM5|FETUB_HUMAN,IFFESVYGQC[CAM]K
sp|Q9UGM5|FETUB_HUMAN,M[Oxi]SPPQLALNPSALLSR
sp|P25391|LAMA1_HUMAN,LDKDPIYVGGLPR
sp|P25391|LAMA1_HUMAN,ELATSASQSAVSTLR
sp|P25391|LAMA1_HUMAN,VAFLWDLGSGSTR
sp|P18428|LBP_HUMAN,ITLPDFTGDLR
sp|P18428|LBP_HUMAN,GLQYAAQEGLLALQSELLR
sp|P18428|LBP_HUMAN,SPVTLLAAVMSLPEEHNK
sp|P18428|LBP_HUMAN,LAEGFPLPLLK
sp|P18428|LBP_HUMAN,VQLYDLGLQIHK
sp|P18428|LBP_HUMAN,ATAQMLEVMFK
sp|P07225|PROS_HUMAN,VYFAGFPR
sp|P07225|PROS_HUMAN,IQALSLC[CAM]SDQQSHLEFR
sp|P07225|PROS_HUMAN,IETISHEDLQR
sp|P13796|PLSL_HUMAN,IGNFSTDIK
sp|P13796|PLSL_HUMAN,VYALPEDLVEVNPK
sp|P13796|PLSL_HUMAN,QFVTATDVVR
sp|P13796|PLSL_HUMAN,NEALIALLR
sp|O00391|QSOX1_HUMAN,VLNTEANVVR
sp|O00391|QSOX1_HUMAN,VPVLMESR
sp|O00391|QSOX1_HUMAN,LAGAPSEDPQFPK
sp|A0A0C4DH73|KV112_HUMAN,DIQMTQSPSSVSASVGDR
sp|A0A0C4DH73|KV112_HUMAN,QSPSSVSASVGDR
sp|A0A0C4DH73|KV112_HUMAN,DIQM[Oxi]TQSPSSVSASVGDR
sp|A0A0C4DH73|KV112_HUMAN,DIQMTQSPSSVSAS[1Me]VGDR
sp|P43251|BTD_HUMAN,LSSGLVTAALYGR
sp|P43251|BTD_HUMAN,SHLIIAQVAK
sp|P43251|BTD_HUMAN,VDLITFDTPFAGR
sp|P43251|BTD_HUMAN,ILSGDPYC[CAM]EK
sp|P43251|BTD_HUMAN,TSIYPFLDFMPSPQVVR
sp|P07360|CO8G_HUMAN,SLPVSDSVLSGFEQR
sp|P07360|CO8G_HUMAN,VQEAHLTEDQIFYFPK
sp|P07360|CO8G_HUMAN,YGFC[CAM]EAADQFHVLDEVR
sp|P05160|F13B_HUMAN,VLHGDLIDFVC[CAM]K
sp|P05160|F13B_HUMAN,QSTLSYQEPLRT
sp|P05160|F13B_HUMAN,WDFDNRPH
sp|P13611|CSPG2_HUMAN,LLASDAGLYR
sp|P13611|CSPG2_HUMAN,LATVGELQAAWR
sp|P13611|CSPG2_HUMAN,VSVPTHPEAVGDASLTVVK
sp|P13611|CSPG2_HUMAN,LGEPNYGAEIR
sp|P01871|IGHM_HUMAN,FTC[CAM]TVTHTDLPSPLK
sp|P01871|IGHM_HUMAN,LIC[CAM]QATGFSPR
sp|P01871|IGHM_HUMAN,YAATSQVLLPSK
sp|P01871|IGHM_HUMAN,GVALHRPDVYLLPPAR
sp|P01871|IGHM_HUMAN,QVGSGVTTDQVQAEAK
sp|P01871|IGHM_HUMAN,ESDW[Qin]LGQSMFTC[CAM]R
sp|Q9UK55|ZPI_HUMAN,LFDEINPETK
sp|Q9UK55|ZPI_HUMAN,ETSNFGFSLLR
sp|Q9UK55|ZPI_HUMAN,VPMMYGAGK
sp|P06276|CHLE_HUMAN,EDDIIIATK
sp|P06276|CHLE_HUMAN,TQILVGVNK
sp|P06276|CHLE_HUMAN,NIAAFGGNPK
sp|Q15582|BGH3_HUMAN,ILGDPEALR
sp|Q15582|BGH3_HUMAN,GDELADSALEIFK
sp|Q15582|BGH3_HUMAN,IPSETLNR
sp|P01619|KV320_HUMAN,EIVLTQSPGTLSLSPGER
sp|P01619|KV320_HUMAN,IVLTQSPGTLSLSPGER
sp|P01619|KV320_HUMAN,GEIVLTQ[Dea]SPGTLSLSPGER
sp|P01619|KV320_HUMAN,[PGE]-EIVLTQSPGTLSLSPGER
sp|P01619|KV320_HUMAN,ASQSVSSSYLAWYQQKPGQAPR
sp|P23142|FBLN1_HUMAN,TGYYFDGISR
sp|P23142|FBLN1_HUMAN,EFTRPEEIIFLR
sp|P23142|FBLN1_HUMAN,DVLLEAC[CAM]C[CAM]ADGHR
sp|P05154|IPSP_HUMAN,TLYLADTFPTNFR
sp|P05154|IPSP_HUMAN,AVVEVDESGTR
sp|P05154|IPSP_HUMAN,MQILEGLGLNLQK
sp|P05154|IPSP_HUMAN,EDQYHYLLDR
sp|P08571|CD14_HUMAN,LTVGAAQVPAQLLVGALR
sp|P08571|CD14_HUMAN,VLSIAQAHSPAFSC[CAM]EQVR
sp|P08571|CD14_HUMAN,AFPALTSLDLSDNPGLGER
sp|P08571|CD14_HUMAN,ATVNPSAPR
sp|P35443|TSP4_HUMAN,AFAGPSQKPETIELR
sp|P35443|TSP4_HUMAN,KPQDFLEELK
sp|P35443|TSP4_HUMAN,QTEQTYWQATPFR
sp|P27169|PON1_HUMAN,YVYIAELLAHK
sp|P27169|PON1_HUMAN,EVQPVELPNC[CAM]NLVK
sp|P27169|PON1_HUMAN,IFFYDSENPPASEVLR
sp|P27169|PON1_HUMAN,ILLMDLNEEDPTVLELGITGSK
sp|P27169|PON1_HUMAN,SFNPNSPGK
sp|Q96IY4|CBPB2_HUMAN,FQSGQVLAALPR
sp|Q96IY4|CBPB2_HUMAN,NAIWIDC[CAM]GIHAR
sp|Q96IY4|CBPB2_HUMAN,DTGTYGFLLPER
sp|O14791|APOL1_HUMAN,VNEPSILEMSR
sp|O14791|APOL1_HUMAN,ANLQSVPHASASR
sp|O14791|APOL1_HUMAN,LNILNNNYK
sp|O14791|APOL1_HUMAN,VTEPISAESGEQVER
sp|Q08380|LG3BP_HUMAN,ELSEALGQIFDSQR
sp|Q08380|LG3BP_HUMAN,SDLAVPSELALLK
sp|Q08380|LG3BP_HUMAN,ASHEEVEGLVEK
sp|Q08380|LG3BP_HUMAN,AVDTWSWGER
sp|Q08380|LG3BP_HUMAN,STSSFPC[CAM]PAGHFNGFR
sp|P00740|FA9_HUMAN,PGQFPWQVVLNGK
sp|P00740|FA9_HUMAN,PGQFPWQVVLN[Dea]GK
sp|P00740|FA9_HUMAN,SALVLQYLR
sp|P00740|FA9_HUMAN,FGSGYVSGWGR
sp|P00740|FA9_HUMAN,IIPHHNYNAAINK
sp|P06858|LIPL_HUMAN,SLGAHAAGIAGSLTNK
sp|P06858|LIPL_HUMAN,GLGDVDQLVK
sp|P06858|LIPL_HUMAN,LSPDDADFVDVLHTFTR
sp|P06858|LIPL_HUMAN,EPDSNVIVVDWLSR
sp|P06858|LIPL_HUMAN,ITGLDPAGPNFEYAEAPSR
sp|P06858|LIPL_HUMAN,AQEHYPVSAGYTK
sp|P01861|IGHG4_HUMAN,YGPPC[CAM]PSC[CAM]PAPEFLGGPSVFLFPPKPK
sp|P01861|IGHG4_HUMAN,EPQVYTLPPSQEEMTK
sp|P01861|IGHG4_HUMAN,WQ[Dea]E[NaX]GNVFSC[CAM]SVMHEALHNHYTQK
sp|P01861|IGHG4_HUMAN,WQE[NaX]GN[Dea]VFSC[CAM]SVMHEALHNHYTQK
sp|P01861|IGHG4_HUMAN,TTPPVLDSDGSFFLYSR
sp|P01861|IGHG4_HUMAN,YGPPC[CAM]PSC[CAM]PAPEFLGGPSVFLFPPK
sp|P04075|ALDOA_HUMAN,GILAADESTGSIAK
sp|P04075|ALDOA_HUMAN,FSHEEIAMATVTALR
sp|P04075|ALDOA_HUMAN,ALANSLAC[CAM]QGK
sp|P19320|VCAM1_HUMAN,SLEMTFIPTIEDTGK
sp|P19320|VCAM1_HUMAN,SLEVTFTPVIEDIGK
sp|P02743|SAMP_HUMAN,QGYFVEAQPK
sp|P02743|SAMP_HUMAN,IVLGQEQDSYGGK
sp|P02743|SAMP_HUMAN,VGEYSLYIGR
sp|P02743|SAMP_HUMAN,AYSLFSYNTQGR
sp|P02743|SAMP_HUMAN,GYVIIKPLVWV
sp|P11142|HSP7C_HUMAN,NQVAMNPTNTVFDAK
sp|P11142|HSP7C_HUMAN,TVTNAVVTVPAYFNDSQR
sp|Q5SZK8|FREM2_HUMAN,VGILSGLGALPR
sp|Q5SZK8|FREM2_HUMAN,ILMATDLDSEDK
sp|Q9NZP8|C1RL_HUMAN,VLSYVDWIK
sp|Q9NZP8|C1RL_HUMAN,LGNFPWQAF
sp|Q9NZP8|C1RL_HUMAN,GSEAINAPGDNPAK
sp|P06310|KV230_HUMAN,DVVMTQSPLSLPVTLGQPASISC[CAM]R
sp|P06310|KV230_HUMAN,GDVVMTQSPLSLPVTLGQPASISC[CAM]R
sp|P01033|TIMP1_HUMAN,GFQALGDAADIR
sp|P01033|TIMP1_HUMAN,EPGLC[CAM]TWQSLR
sp|P01033|TIMP1_HUMAN,VAPWNSLSLAQR
sp|P01782|HV309_HUMAN,AEDTALYYC[CAM]AK
sp|P01782|HV309_HUMAN,[Frm]-AEDTALYYC[CAM]AK[Frm]
sp|P01782|HV309_HUMAN,LSC[CAM]AASGFTFDDYAM[Oxi]HWVR
sp|P15169|CBPN_HUMAN,YVGNMHGNEALGR
sp|P15169|CBPN_HUMAN,EALIQFLEQVHQGIK
sp|P00742|FA10_HUMAN,TGIVSGFGR
sp|P00742|FA10_HUMAN,DWAESTLMTQK
sp|P00742|FA10_HUMAN,MNVAPAC[CAM]LPER
sp|P00742|FA10_HUMAN,ETYDFDIAVLR
sp|P00742|FA10_HUMAN,M[Oxi]LEVPYVDR
sp|P16112|PGCA_HUMAN,LEGEVFFATR
sp|P16112|PGCA_HUMAN,EDSGSPDLSETTSAFHEANLER
sp|P02649|APOE_HUMAN,LGPLVEQGR
sp|P02649|APOE_HUMAN,LAVYQAGAR
sp|P02649|APOE_HUMAN,KVEQAVETEPEPELR
sp|P02649|APOE_HUMAN,SWFEPLVEDMQR
sp|P02649|APOE_HUMAN,AATVGSLAGQPLQER
sp|P02649|APOE_HUMAN,GEVQAMLGQSTEELR
sp|O95497|VNN1_HUMAN,EEALALMNR
sp|O95497|VNN1_HUMAN,YQYNTDVVFDSQGK
sp|O95497|VNN1_HUMAN,FGQTPVQER
sp|P01700|LV147_HUMAN,SGTSASLAISGLR
sp|P01700|LV147_HUMAN,SGTSASLAIS[1Me]GLR
sp|P01700|LV147_HUMAN,S[1Me]GTSASLAISGLR
sp|P01700|LV147_HUMAN,[CAM]-GTSASLAISGLR
sp|P01700|LV147_HUMAN,FSGSK[CAM]SGTSASLAISGLR
sp|P09486|SPRC_HUMAN,LEAGDHPVELLAR
sp|P09486|SPRC_HUMAN,APLIPMEHC[CAM]TTR
sp|P09486|SPRC_HUMAN,FFETC[CAM]DLDNDK
sp|P69905|HBA_HUMAN,VGAHAGEYGAEALER
sp|P69905|HBA_HUMAN,VADALTNAVAHVDDMPNALSALSDLHAHK
sp|P69905|HBA_HUMAN,TYFPHFDLSHGSAQVK
sp|P69905|HBA_HUMAN,KVADALTNAVAHVDDMPNALSALSDLHAHK
sp|P69905|HBA_HUMAN,VADALTNAVAHVDDM[Oxi]PNALSALSDLHAHK
sp|P69905|HBA_HUMAN,M[Oxi]FLSFPTTK
sp|Q04756|HGFA_HUMAN,TTDVTQTFGIEK
sp|Q04756|HGFA_HUMAN,SVFNPSDHDLVLIR
sp|Q04756|HGFA_HUMAN,VANYVDWINDR
sp|Q9BXR6|FHR5_HUMAN,ENYLLPEAK
sp|Q9BXR6|FHR5_HUMAN,WNPEVDC[CAM]TEK
sp|Q71U36|TBA1A_HUMAN,VGINYQPPTVVPGGDLAK
sp|Q71U36|TBA1A_HUMAN,IHFPLATYAPVISAEK
sp|Q71U36|TBA1A_HUMAN,EIIDLVLDR
sp|P17936|IBP3_HUMAN,GASSAGLGPVVR
sp|P17936|IBP3_HUMAN,[CRM]-ASSAGLGPVVR
sp|P17936|IBP3_HUMAN,YGQPLPGYTTK
sp|P17936|IBP3_HUMAN,SAGSVESPSVSSTHR
sp|P17936|IBP3_HUMAN,PLQALLDGR
sp|P05452|TETN_HUMAN,LDTLAQEVALLK
sp|P05452|TETN_HUMAN,NWETEITAQPDGGK
sp|P05452|TETN_HUMAN,TFHEASEDC[CAM]ISR
sp|P05452|TETN_HUMAN,C[CAM]FLAFTQTK
sp|P15309|PPAP_HUMAN,SPIDTFPTDPIK
sp|P15309|PPAP_HUMAN,ELSELSLLSLYGIHK
sp|P15309|PPAP_HUMAN,ATQIPSYK
sp|P15309|PPAP_HUMAN,LQGGVLVNEILNHMK
sp|Q9NQ79|CRAC1_HUMAN,DVAAEAGVSK
sp|Q9NQ79|CRAC1_HUMAN,DEASSVEVTWPDGK
sp|P60174|TPIS_HUMAN,IIYGGSVTGATC[CAM]K
sp|P60174|TPIS_HUMAN,SNVSDAVAQSTR
sp|P00746|CFAD_HUMAN,AVPHPDSQPDTIDHDLLLLQLSEK
sp|P00746|CFAD_HUMAN,RPDSLQHVLLPVLDR
sp|P00746|CFAD_HUMAN,VASYAAWIDSVLA
sp|P49908|SEPP1_HUMAN,LPTDSELAPR
sp|P49908|SEPP1_HUMAN,DMPASEDLQDLQK
sp|P49908|SEPP1_HUMAN,VSLATVDK
sp|P49908|SEPP1_HUMAN,DM[Oxi]PASEDLQDLQK
sp|P49908|SEPP1_HUMAN,RVSLATVDK
sp|P33151|CADH5_HUMAN,KPLIGTVLAMDPDAAR
sp|P33151|CADH5_HUMAN,YTFVVPEDTR
sp|P47972|NPTX2_HUMAN,FDATQAFVGELSQFNIWDR
sp|P47972|NPTX2_HUMAN,DGMWEAFQDGEK
sp|P27918|PROP_HUMAN,YPPTVSMVEGQGEK
sp|P27918|PROP_HUMAN,DPVLC[CAM]FTQYEESSGK
sp|P00915|CAH1_HUMAN,VLDALQAIK
sp|P00915|CAH1_HUMAN,YSSLAEAASK
sp|P00915|CAH1_HUMAN,ADGLAVIGVLMK
sp|P00915|CAH1_HUMAN,GGPFSDSYR
sp|P02746|C1QB_HUMAN,LEQGENVFLQATDK
sp|P02746|C1QB_HUMAN,QVTTGGMVLK
sp|P02746|C1QB_HUMAN,VPGLYYFTYH
sp|P22352|GPX3_HUMAN,FLVGPDGIPIMR
sp|P22352|GPX3_HUMAN,PGGGFVPNFQLFEK
sp|P22352|GPX3_HUMAN,FLVGPDGIPIM[Oxi]R
sp|P22352|GPX3_HUMAN,YVRPGGGFVPNFQLFEK
sp|P04406|G3P_HUMAN,VPTANVSVVDLTC[CAM]R
sp|P04406|G3P_HUMAN,LVIN[Dea]GNPITIFQER
sp|P07195|LDHB_HUMAN,SLADELALVDVLEDK
sp|P07195|LDHB_HUMAN,LKDDEVAQLK
sp|Q16658|FSCN1_HUMAN,YLTAEAFGFK
sp|Q16658|FSCN1_HUMAN,VTGTLDANR
sp|Q16658|FSCN1_HUMAN,PADEIAVDR
sp|P02533|K1C14_HUMAN,APSTYGGGLSVSSSR
sp|P02533|K1C14_HUMAN,LLEGEDAHLSSSQFSSGSQSSR
sp|P36980|FHR2_HUMAN,TGDIVEFVC[CAM]K
sp|P36980|FHR2_HUMAN,ITC[CAM]AEEGWSPTPK
sp|P36980|FHR2_HUMAN,C[CAM]LDPC[CAM]VISQEIMEK
sp|O75874|IDHC_HUMAN,NILGGTVFR
sp|O75874|IDHC_HUMAN,TVEAEAAHGTVTR
sp|A0A0B4J1V0|HV315_HUMAN,FGLSWIFLAAILKGVQC[CAM]EVQLVESGGGLVKPGGSLR
sp|A0A0B4J1V0|HV315_HUMAN,TDGGTTDYAAPVK
sp|A0A0B4J1V0|HV315_HUMAN,LSC[CAM]AASGFTFSN[2Me]
sp|P48740|MASP1_HUMAN,DSDLLSPSDFK
sp|P48740|MASP1_HUMAN,TGVITSPDFPNPYPK
sp|P40925|MDHC_HUMAN,LGVTANDVK
sp|P40925|MDHC_HUMAN,FVEGLPINDFSR
sp|P01880|IGHD_HUMAN,VPTGGVEEGLLER
sp|P01880|IGHD_HUMAN,APDVFPIISGC[CAM]R
sp|P01880|IGHD_HUMAN,SLEVSYVTDHGPM
sp|P08123|CO1A2_HUMAN,GETGPSGPVGPAGAVGPR
sp|P08123|CO1A2_HUMAN,GLP[Oxi]GSP[Oxi]GNIGPAGK
sp|P01034|CYTC_HUMAN,LVGGPMDASVEEEGVR
sp|P01034|CYTC_HUMAN,LVGGPMDASVEEEGVRR
sp|P19652|A1AG2_HUMAN,EHVAHLLFLR
sp|P19652|A1AG2_HUMAN,TLMFGSYLDDEK
sp|P19652|A1AG2_HUMAN,TLMFGSYLDDEKNWGLSFYADKPETTK
sp|P19652|A1AG2_HUMAN,NWGLSFYADKPETTK
sp|P19652|A1AG2_HUMAN,TLM[Oxi]FGSYLDDEKNWGLSFYADKPETTK
sp|P08263|GSTA1_HUMAN,AILNYIASK
sp|P08263|GSTA1_HUMAN,SHGQDYLVGNK
sp|P55058|PLTP_HUMAN,AGALQLLLVGDK
sp|P55058|PLTP_HUMAN,FLEQELETITIPDLR
sp|P55058|PLTP_HUMAN,AVEPQLQEEER
sp|P80748|LV321_HUMAN,YVLTQPPSVSVAPGQTAR
sp|P80748|LV321_HUMAN,YVLTQPPSVSVAPGQ
sp|P80748|LV321_HUMAN,PGQAPVLVVYDDSDRPSGIPER
sp|P80748|LV321_HUMAN,SVHWYQQKPGQAPVLVVYDDSDRPSGIPER
sp|P0DP09|KV113_HUMAN,AIQLTQSPSSLSASVGDR
sp|P0DP09|KV113_HUMAN,LLIYDASSLE[Dhy]SGVPSR
sp|P0DP09|KV113_HUMAN,LLIYDASSLESGVPSR
sp|P13647|K2C5_HUMAN,ISISTSGGSFR
sp|P13647|K2C5_HUMAN,TTAENEFVMLK
sp|Q6P179|ERAP2_HUMAN,ILAVTDFEPTQAR
sp|Q6P179|ERAP2_HUMAN,VGLIHDVFQLVGAGR
sp|P08572|CO4A2_HUMAN,IAVQPGTVGPQGR
sp|P08572|CO4A2_HUMAN,AHNQDLGLAGSC[CAM]LAR
sp|P08572|CO4A2_HUMAN,GIP[Oxi]GFAGADGGPGP[Oxi]R
sp|Q5VTE0|EF1A3_HUMAN,IGGIGTVPVGR
sp|Q5VTE0|EF1A3_HUMAN,YYVTIIDAPGHR
sp|P02745|C1QA_HUMAN,VGYP[Oxi]GPSGPLGAR
sp|P02745|C1QA_HUMAN,VGYP[Oxi]GP[Oxi]SGPLGAR
sp|P02745|C1QA_HUMAN,GHIYQGSEADSVFSGFLIFPSA
sp|P02654|APOC1_HUMAN,TPDVSSALDK
sp|P02654|APOC1_HUMAN,LKEFGNTLEDK
sp|P02654|APOC1_HUMAN,MREWFSETFQK
sp|P02654|APOC1_HUMAN,M[Oxi]REWFSETFQK
sp|P02654|APOC1_HUMAN,TPDVSSALDKLK
sp|P02654|APOC1_HUMAN,TPDVSSALDKLKEFGNTLEDK
sp|A0A0C4DH38|HV551_HUMAN,SISTAYLQWSSLK
sp|A0A0C4DH38|HV551_HUMAN,YSPSFQGQVTISADK
sp|A0A0C4DH38|HV551_HUMAN,GLEWMGIIYPGDSDTR
sp|A0A0C4DH38|HV551_HUMAN,ASDT[Dhy]AMYYC[CAM]AR
sp|P11226|MBL2_HUMAN,FQASVATPR
sp|P11226|MBL2_HUMAN,NAAEN[Dea]GAIQNLIK
sp|O43866|CD5L_HUMAN,LVGGDNLC[CAM]SGR
sp|O43866|CD5L_HUMAN,KPIWLSQMSC[CAM]SGR
sp|P98066|TSG6_HUMAN,TGIIDYGIR
sp|P98066|TSG6_HUMAN,YVAMDPVSK
sp|P98066|TSG6_HUMAN,DGIFHNSIWLER
sp|P02462|CO4A1_HUMAN,GPP[Oxi]GGVGFP[Oxi]GSR
sp|P02462|CO4A1_HUMAN,AHGQDLGTAGSC[CAM]LR
sp|P08758|ANXA5_HUMAN,GTVTDFPGFDER
sp|P08758|ANXA5_HUMAN,GAGTDDHTLIR
sp|Q6UXB8|PI16_HUMAN,WDEELAAFAK
sp|Q6UXB8|PI16_HUMAN,AQVSPTASDMLHMR
sp|Q6UXB8|PI16_HUMAN,SPENSLDPK
sp|P01701|LV151_HUMAN,[PGQ]-QSVLTQPPSVSAAPGQK
sp|P01701|LV151_HUMAN,LLIYDNN[Dea]KRPSGIPDR
sp|P01701|LV151_HUMAN,LLIYD[1Me]NN[Dea]KRPSGIPDR
sp|P22891|PROZ_HUMAN,DFAEHLLIPR
sp|P22891|PROZ_HUMAN,ENFVLTTAK
sp|P22891|PROZ_HUMAN,APDLQDLPWQVK
sp|Q12805|FBLN3_HUMAN,QTSPVSAMLVLVK
sp|Q12805|FBLN3_HUMAN,SGNEN[Dea]GEFYLR
sp|Q12805|FBLN3_HUMAN,SVPSDIFQIQATTIYAN
sp|P01594|KV133_HUMAN,LLIYDASNLETGVPSR
sp|P01594|KV133_HUMAN,VTITC[CAM]QASQDISN[1Me]
sp|P00739|HPTR_HUMAN,VVLHPNYHQVDIGLIK
sp|P00739|HPTR_HUMAN,SPVGVQPILNEHTFC[CAM]VGMSK
sp|P00739|HPTR_HUMAN,VGYVSGWGQSDNFK
sp|P05111|INHA_HUMAN,GLAQEAEEGLFR
sp|P05111|INHA_HUMAN,LLQRPPEEPAAHANC[CAM]HR
sp|P62937|PPIA_HUMAN,EGMNIVEAMER
sp|P62937|PPIA_HUMAN,IIPGFMC[CAM]QGGDFTR
sp|P06312|KV401_HUMAN,DIVMTQSPDSLAVSLGER
sp|P06312|KV401_HUMAN,NYLAWYQQKPGQPPK
sp|P06312|KV401_HUMAN,LLIYWASTR
sp|P06312|KV401_HUMAN,DIVM[Oxi]TQSPDSLAVSLGER
sp|P06312|KV401_HUMAN,SSQSVLYSSNNK
sp|P06312|KV401_HUMAN,SSQS[1Me]VLYSSNNK
sp|P05534|1A24_HUMAN,AYLEGTC[CAM]VDGLR
sp|P05534|1A24_HUMAN,THMTHHPISDHEATLR
sp|P05534|1A24_HUMAN,PAGDGTFQK
sp|P01703|LV140_HUMAN,[PGQ]-QSVLTQPPSVSGAPGQR
sp|P01703|LV140_HUMAN,LLIYGN[1Me]SNRPSGVPDR
sp|P01703|LV140_HUMAN,LLIYGNS[1Me]NRPSGVPDR
sp|P01703|LV140_HUMAN,LLIYGNSNRPSGVPDR
sp|P04433|KV311_HUMAN,LLIYDASNR
sp|P04433|KV311_HUMAN,ASQSVSSYLAWYQQKPGQAPR
sp|A0A0C4DH68|KV224_HUMAN,FSGSGAGTDFTLK
sp|A0A0C4DH68|KV224_HUMAN,SSQSLVHSDGNTYLSWLQQR
sp|A0A0C4DH68|KV224_HUMAN,SSPVTLGQPASISC[CAM]R
sp|A0A0C4DH68|KV224_HUMAN,FSGSGAGTDFTLK[Frm]
sp|P01721|LV657_HUMAN,FSGSIDSSSNSASLTISGLK
sp|P01721|LV657_HUMAN,FMLTQPHSVSESPGK
sp|P01721|LV657_HUMAN,SSNSASLTISGLK
sp|P00338|LDHA_HUMAN,FIIPNVVK
sp|P00338|LDHA_HUMAN,SADTLWGIQK
sp|P0C0L5|CO4B_HUMAN,AEMADQAAAWLTR
sp|P0C0L5|CO4B_HUMAN,LQETSNWLLSQQQADGSFQDLSPVIHR
sp|P0C0L5|CO4B_HUMAN,AEM[Oxi]ADQAAAWLTR
sp|P0C0L5|CO4B_HUMAN,GSSTWLTAFVLK
sp|Q14515|SPRL1_HUMAN,LLAGDHPIDLLLR
sp|Q14515|SPRL1_HUMAN,HIQETEWQSQEGK
sp|Q14515|SPRL1_HUMAN,TGLEAISNHK
sp|P02747|C1QC_HUMAN,TNQVNSGGVLLR
sp|P02747|C1QC_HUMAN,FQSVFTVTR
sp|P02747|C1QC_HUMAN,QTHQPPAPNSLIR
sp|P02747|C1QC_HUMAN,FNAVLTNPQGDYDTSTGK
sp|P02747|C1QC_HUMAN,[PGQ]-QTHQPPAPNSLIR
sp|P05362|ICAM1_HUMAN,VELAPLPSWQPVGK
sp|P05362|ICAM1_HUMAN,ASVSVTAEDEGTQR
sp|Q6EMK4|VASN_HUMAN,YLQGSSVQLR
sp|Q6EMK4|VASN_HUMAN,HIQPGAFDTLDR
sp|P01602|KV105_HUMAN,DIQMTQSPSTLSASVGDR
sp|P01602|KV105_HUMAN,DIQM[Oxi]TQSPSTLSASVGDR
sp|P01602|KV105_HUMAN,ASQSISSWLAWYQQKPGK
sp|P01602|KV105_HUMAN,DIQMTQSPSTLSASVGD[1Me]R
sp|P01602|KV105_HUMAN,MTQSPSTLSASVGDR
sp|A0A075B6S2|KVD29_HUMAN,SLSVTPGQPASISC[CAM]K
sp|A0A075B6S2|KVD29_HUMAN,LLIYEVSNR
sp|A0A075B6S2|KVD29_HUMAN,LIYEVSNR
sp|A0A075B6S2|KVD29_HUMAN,SSQSLLHSDGK
sp|P0DOY3|IGLC3_HUMAN,AGVETTTPSK
sp|P0DOY3|IGLC3_HUMAN,AGVETTTPSK[CAM]QSNNK
sp|P14151|LYAM1_HUMAN,SYYWIGIR
sp|P14151|LYAM1_HUMAN,SLTEEAENWGDGEPNNKK
sp|P14151|LYAM1_HUMAN,NKEDC[CAM]VEIYIK
sp|P14151|LYAM1_HUMAN,TIC[CAM]ESSGIWSNPSPIC[CAM]QK
sp|A0A0C4DH31|HV118_HUMAN,VTMTTDTSTSTAYMELR
sp|A0A0C4DH31|HV118_HUMAN,VTMT[Dhy]TDTSTSTAYMELR
sp|P49747|COMP_HUMAN,LVPNPGQEDADR
sp|P49747|COMP_HUMAN,SSTGPGEQLR
sp|Q92820|GGH_HUMAN,YPVYGVQWHPEK
sp|Q92820|GGH_HUMAN,FFNVLTTNTDGK
sp|Q92820|GGH_HUMAN,TAFYLAEFFVNEAR
sp|Q15848|ADIPO_HUMAN,IFYNQQNHYDGSTGK
sp|Q15848|ADIPO_HUMAN,[PGQ]-QGR[Oxi]KGEPGEGAYVYR
sp|Q15848|ADIPO_HUMAN,GDIGETGVPGAEGPR
sp|Q15848|ADIPO_HUMAN,SVGLETYVTIPNMPIR
sp|P54108|CRIS3_HUMAN,NEDKDPAFTALLTTQTQVQR
sp|P54108|CRIS3_HUMAN,WANQC[CAM]NYR
sp|P54108|CRIS3_HUMAN,N[Dea]EDKDPAFTALLTTQTQVQR
sp|P14324|FPPS_HUMAN,IGTDIQDNK
sp|P14324|FPPS_HUMAN,QDFVQHFSQIVR
sp|P14324|FPPS_HUMAN,KQDADSLQR
sp|P08709|FA7_HUMAN,VAQVIIPSTYVPGTTNHDIALLR
sp|P08709|FA7_HUMAN,FSLVSGWGQLLDR
sp|P02656|APOC3_HUMAN,GWVTDGFSSLK
sp|P02656|APOC3_HUMAN,DALSSVQESQVAQQAR
sp|P05090|APOD_HUMAN,NILTSNNIDVK
sp|P05090|APOD_HUMAN,MTVTDQVNC[CAM]PK
sp|P05090|APOD_HUMAN,NPNLPPETVDSLK
sp|P05090|APOD_HUMAN,C[CAM]PNPPVQENFDVNK
sp|P05090|APOD_HUMAN,NILTSN[Dea]NIDVK
sp|P05090|APOD_HUMAN,C[CAM]PN[dAm]PPVQENFDVNK
sp|P02655|APOC2_HUMAN,TYLPAVDEK
sp|P02655|APOC2_HUMAN,TAAQNLYEK
sp|P02655|APOC2_HUMAN,STAAMSTYTGIFTDQVLSVLK
sp|P01614|KVD40_HUMAN,SLPVTPGEPASISC[CAM]R
sp|P01614|KVD40_HUMAN,[CRM]-IVMTQTPLSLPVTPGEPASISC[CAM]R
sp|P01614|KVD40_HUMAN,SLP[Oxi]VTPGEPASISC[CAM]R
sp|P08294|SODE_HUMAN,VTGVVLFR
sp|P08294|SODE_HUMAN,AVVVHAGEDDLGR
sp|P08294|SODE_HUMAN,VTEIWQEVMQR
sp|P30041|PRDX6_HUMAN,DINAYNC[CAM]EEPTEK
sp|P30041|PRDX6_HUMAN,ELAILLGMLDPAEK
sp|P35542|SAA4_HUMAN,EALQGVGDMGR
sp|P35542|SAA4_HUMAN,GPGGVWAAK
sp|P35542|SAA4_HUMAN,FRPDGLPK
sp|P35542|SAA4_HUMAN,AYWDIMISNHQNSNR
sp|P35542|SAA4_HUMAN,VYLQGLIDC[CAM]YLFGNSSTVLEDSK
sp|P07477|TRY1_HUMAN,LGEHNIE[1Me]VLEGNEQFINAAK
sp|P07477|TRY1_HUMAN,LGEHNIEVLEGNEQFINAAK
sp|P07477|TRY1_HUMAN,TLNN[Dea]DIMLIK
sp|P07477|TRY1_HUMAN,TLN[Dea]NDIMLIK[Frm]L
sp|A0A0B4J1Y9|HV372_HUMAN,TEDTAVYYC[CAM]AR
sp|A0A0B4J1Y9|HV372_HUMAN,NSLYLQMNSLK
sp|A0A0B4J1Y9|HV372_HUMAN,TE[Dhy]DTAVYYC[CAM]AR
sp|A0A0B4J1Y9|HV372_HUMAN,ANSYTTEYAASVK
sp|P00918|CAH2_HUMAN,SADFTNFDPR
sp|P00918|CAH2_HUMAN,QSPVDIDTHTAK
sp|P07339|CATD_HUMAN,FDGILGMAYPR
sp|P07339|CATD_HUMAN,ISVNNVLPVFDNLMQQK
sp|A0A0C4DH69|KV109_HUMAN,DIQLTQSPSFLSASVGDR
sp|A0A0C4DH69|KV109_HUMAN,DIQLTQ[Dea]SPSFLSASVGDR
sp|A0A0C4DH69|KV109_HUMAN,DIQLTQSPSFLSASVGDR
sp|A0A0C4DH69|KV109_HUMAN,DIQLTQ[Dea]SPSFLSASVGDR
sp|P01767|HV353_HUMAN,EVQLVETGGGLIQPGGSLR
sp|P01767|HV353_HUMAN,LSC[CAM]AASGFTVSS
sp|P01767|HV353_HUMAN,[PGE]-EVQLVETGGGLIQPGGSLR
sp|P01718|LV327_HUMAN,ITC[CAM]SGDVLAK
sp|P01718|LV327_HUMAN,SYELTQPSSVSVSPGQTAR
sp|A0A0A0MT36|KVD21_HUMAN,YASQSISGVPSR
sp|A0A0A0MT36|KVD21_HUMAN,Y[Qin]ASQSISGVPSR
sp|P23528|COF1_HUMAN,NIILEEGK
sp|P23528|COF1_HUMAN,EDLVFIFWAPESAPLK
sp|P23284|PPIB_HUMAN,VLEGMEVVR
sp|P23284|PPIB_HUMAN,VIFGLFGK
sp|P23284|PPIB_HUMAN,DFMIQGGDFTR
sp|Q99497|PARK7_HUMAN,VTVAGLAGK
sp|Q99497|PARK7_HUMAN,GAEEMETVIPVDVMR
sp|P15151|PVR_HUMAN,VLAKPQNTAEVQK
sp|P15151|PVR_HUMAN,VQLTGEPVPMAR
sp|P07333|CSF1R_HUMAN,LAIPQQSDFHNNR
sp|P07333|CSF1R_HUMAN,VIPGPPALTLVPAELVR
sp|P61626|LYSC_HUMAN,ATNYNAGDR
sp|P61626|LYSC_HUMAN,GISLANWMC[CAM]LAK
sp|P07359|GP1BA_HUMAN,LTSLPLGALR
sp|P07359|GP1BA_HUMAN,WLQDNAENVYVWK
sp|P02775|CXCL7_HUMAN,EESLDSDLYAELR
sp|P02775|CXCL7_HUMAN,TTSGIHPK
sp|P06702|S10A9_HUMAN,NIETIINTFHQYSVK
sp|P06702|S10A9_HUMAN,VIEHIMEDLDTNADK
sp|P06702|S10A9_HUMAN,[PGQ]-QLSFEEFIMLMAR
sp|P23470|PTPRG_HUMAN,ATISHVSPDSLYLFR
sp|P23470|PTPRG_HUMAN,DLLPASLGSYYR
sp|P01714|LV319_HUMAN,SELTQDPAVSVALGQTVR
sp|P01714|LV319_HUMAN,ITC[CAM]QGDSLR
sp|P01714|LV319_HUMAN,ELTQDPAVSVALGQTVR
sp|P01714|LV319_HUMAN,NNRPSGIPDR
sp|P19883|FST_HUMAN,SIGLAYEGK
sp|P19883|FST_HUMAN,EAAC[CAM]SSGVLLEVK
sp|Q9H8L6|MMRN2_HUMAN,EAEPLVDIR
sp|Q9H8L6|MMRN2_HUMAN,YASFSEGTAALQTVK
sp|P15291|B4GT1_HUMAN,VFSDVDLIPMNDHNAYR
sp|P15291|B4GT1_HUMAN,SLPYVQYFGGVSALSK
sp|P01344|IGF2_HUMAN,GIVEEC[CAM]C[CAM]FR
sp|P01344|IGF2_HUMAN,SC[CAM]DLALLETYC[CAM]ATPAK
sp|P01704|LV214_HUMAN,LMIYEVSNRPSGVSNR
sp|P01704|LV214_HUMAN,LMIYEVSN[1Me]RPSGVSNR
sp|P01704|LV214_HUMAN,LMIYEVS[1Me]NRPSGVSNR
sp|P31949|S10AB_HUMAN,TEFLSFMNTELAAFTK
sp|P31949|S10AB_HUMAN,TEFLSFMNTELAAF
sp|A0A0B4J1V6|HV373_HUMAN,EVQLVESGGGLVQPGGSLK
sp|A0A0B4J1V6|HV373_HUMAN,LVESGGGLVQPGGSLK
sp|P01591|IGJ_HUMAN,FVYHLSDLC[CAM]K
sp|P01591|IGJ_HUMAN,SSEDPNEDIVER
sp|P01780|HV307_HUMAN,GLEWVAN[Dea]IK
sp|P01780|HV307_HUMAN,QDGS[SLA]EKYYVDSVK
sp|O00187|MASP2_HUMAN,LASPGFPGEYANDQER
sp|O00187|MASP2_HUMAN,VLATLC[CAM]GQESTDTER
sp|P26572|MGAT1_HUMAN,LAQDAEVELER
sp|P26572|MGAT1_HUMAN,ALGVMDDLK
sp|P00441|SODC_HUMAN,GDGPVQGIINFEQK
sp|P00441|SODC_HUMAN,HVGDLGNVTADK
sp|Q13103|SPP24_HUMAN,DALSASVVK
sp|Q13103|SPP24_HUMAN,SAQQVQGVHAR
sp|P02042|HBD_HUMAN,VNVDAVGGEALGR
sp|P02042|HBD_HUMAN,GTFSQLSELHC[CAM]DK
sp|P78539|SRPX_HUMAN,LLIVSTPTAR
sp|P78539|SRPX_HUMAN,TAAALLDQFYEK
sp|P78539|SRPX_HUMAN,IMPPALALQLR
sp|P23083|HV102_HUMAN,DTSISTAYMELSR
sp|P23083|HV102_HUMAN,DTSIS[1Me]TAYMELSR
sp|A0A0J9YX35|HV64D_HUMAN,KDVQC[CAM]EVQLVESGGGLVQPGGSLR
sp|A0A0J9YX35|HV64D_HUMAN,[Frm]-AEDTAVYYC[CAM]VK[Frm]
sp|A0A0J9YX35|HV64D_HUMAN,NTLYLQMSSLR
sp|A0A0J9YX35|HV64D_HUMAN,AILKDVQC[CAM]EVQLVESGGGLVQPGGSLR
sp|A0A087WSX0|LV545_HUMAN,PGSPPQYLLR
sp|A0A087WSX0|LV545_HUMAN,SGINVGTYR
sp|A0A087WSX0|LV545_HUMAN,IYWYQQKPGSPPQYLLR
sp|Q6YHK3|CD109_HUMAN,IPVQLVFK
sp|Q6YHK3|CD109_HUMAN,ADGNQLTLEER
sp|Q9Y5Y7|LYVE1_HUMAN,LLGLSLAGK
sp|Q9Y5Y7|LYVE1_HUMAN,IMGITLVSK
sp|Q9Y5Y7|LYVE1_HUMAN,DQVETALK
sp|Q9Y5Y7|LYVE1_HUMAN,N[Dea]GVGVLIWK
sp|O43493|TGON2_HUMAN,SGAEAQTPEDSPNR
sp|O43493|TGON2_HUMAN,SSAEAQTPEDTPNK
sp|P06865|HEXA_HUMAN,GLETFSQLVWK
sp|P06865|HEXA_HUMAN,QLESFYIQTLLDIVSSYGK
sp|Q06323|PSME1_HUMAN,APLDIPVPDPVK
sp|Q06323|PSME1_HUMAN,QLVHELDEAEYR
sp|P10599|THIO_HUMAN,TAFQEALDAAGDK
sp|P10599|THIO_HUMAN,EKLEATINELV
sp|P24592|IBP6_HUMAN,HLDSVLQQLQTEVYR
sp|P24592|IBP6_HUMAN,GAQTLYVPNC[CAM]DHR
sp|P01601|KVD16_HUMAN,SLIYAASS[1Me]LQSGVPSR
sp|P01601|KVD16_HUMAN,SLIYAASSL[1Me]QSGVPSR
sp|P01766|HV313_HUMAN,AGDTAVYYC[CAM]AR
sp|P01766|HV313_HUMAN,AGDTAVYYC[CAM]AR[2Me]
sp|P01766|HV313_HUMAN,N[Dea]SLRAGDTAVYYC[CAM]AR
sp|P57053|H2BFS_HUMAN,QVHPDTGISSK
sp|P02144|MYG_HUMAN,YLEFISEC[CAM]IIQVLQSK
sp|Q03591|FHR1_HUMAN,TGESAEFVC[CAM]K
sp|Q03591|FHR1_HUMAN,STDTSC[CAM]VNPPTVQNAH
sp|A0A0C4DH34|HV428_HUMAN,LSS[SLA]VTAVDTAVYYC[CAM]AR
sp|A0A0C4DH34|HV428_HUMAN,SVTAVDTAVYYC[CAM]AR
sp|A0A0B4J1Y8|LV949_HUMAN,FSVLGSGLNR
sp|A0A0B4J1Y8|LV949_HUMAN,VGTGGIVGSK
sp|A0A0C4DH72|KV106_HUMAN,AIQMTQSPSSLSASVGDR
sp|A0A0C4DH72|KV106_HUMAN,AIQM[Oxi]TQSPSSLSASVGDR
sp|A0A0C4DH72|KV106_HUMAN,C[CAM]AIQMTQSPSSLSASVGDR
sp|A0A0C4DH72|KV106_HUMAN,AIQM[2Ox]TQSPSSLSASVGDR
sp|A0A0C4DH29|HV103_HUMAN,DTSASTAYMELSSLR
sp|A0A0C4DH29|HV103_HUMAN,DTSAS[1Me]TAYMELSSLR
sp|P16070|CD44_HUMAN,YGFIEGHVVIPR
sp|P16070|CD44_HUMAN,ALSIGFETC[CAM]R
sp|P02545|LMNA_HUMAN,VAVEEVDEEGK
sp|P02545|LMNA_HUMAN,LLEGEEE[NaX]R
sp|A0A0J9YVY3|HV741_HUMAN,[PGQ]-QVQLVQSGSELK
sp|A0A0J9YVY3|HV741_HUMAN,SVSTAYLQIC[CAM]SLK
sp|P08779|K1C16_HUMAN,APSTYGGGLSVSSR
sp|P08779|K1C16_HUMAN,DAETWFLSK
sp|Q9BWS9|CHID1_HUMAN,NVLDSEDEIEELSK
sp|Q9BWS9|CHID1_HUMAN,FTQISPVWLQLK
